"id","timestamp","type","data","sf","bw","cr","rssi","snr","delay","datarate","latency","source","compression_ratio"
"1","2025-05-09 19:50:11","text","TXT:LoRa Sender Control Panel (Enhanced) Smart Framework Features 1","7","125000","5","-73","12.0","364","1472.53","364","enhanced","1.0"
"2","2025-05-09 19:50:23","text","TXT:LoRa Sender Control Panel (Enhanced) Smart Framework Features 2","7","125000","5","-73","9.5","363","1476.58","363","enhanced","1.0"
"3","2025-05-09 19:50:34","text","TXT:LoRa Sender Control Panel (Enhanced) Smart Framework Features 3","7","125000","5","-73","9.25","363","1476.58","363","enhanced","1.0"
"4","2025-05-09 19:50:43","text","TXT:LoRa Sender Control Panel (Enhanced) Smart Framework Features 4","7","125000","5","-120","0.0","2000","0.0","2000","enhanced","1.0"
"5","2025-05-09 19:50:55","text","TXT:LoRa Sender Control Panel (Enhanced) Smart Framework Features 5","7","125000","5","-73","9.5","364","1472.53","364","enhanced","1.0"
"6","2025-05-09 19:51:08","text","TXT:LoRa Sender Control Panel (Enhanced) Smart Framework Features 7","7","125000","5","-73","10.0","363","1476.58","363","enhanced","1.0"
"7","2025-05-09 19:51:11","text","TXT:LoRa Sender Control Panel (Enhanced) Smart Framework Features 6","7","125000","5","-120","0.0","2000","0.0","2000","enhanced","1.0"
"8","2025-05-09 19:51:12","text","TXT:LoRa Sender Control Panel (Enhanced) Smart Framework Features 8","7","125000","5","-72","9.75","363","1476.58","363","enhanced","1.0"
"9","2025-05-09 19:51:16","text","TXT:LoRa Sender Control Panel (Enhanced) Smart Framework Features 9","7","125000","5","-72","9.5","364","1472.53","364","enhanced","1.0"
"10","2025-05-09 19:51:20","text","TXT:LoRa Sender Control Panel (Enhanced) Smart Framework Features 10","7","125000","5","-72","9.75","363","1498.62","363","enhanced","1.0"
"11","2025-05-09 19:52:04","text","TXT:LoRa Sender Control Panel (Enhanced) Smart Framework Features 1","7","125000","5","-75","9.75","363","1476.58","363","standard","1.0"
"12","2025-05-09 19:52:08","text","TXT:LoRa Sender Control Panel (Enhanced) Smart Framework Features 2","7","125000","5","-75","9.25","363","1476.58","363","standard","1.0"
"13","2025-05-09 19:52:14","text","TXT:LoRa Sender Control Panel (Enhanced) Smart Framework Features 3","7","125000","5","-75","9.5","363","1476.58","363","standard","1.0"
"14","2025-05-09 19:52:21","text","TXT:LoRa Sender Control Panel (Enhanced) Smart Framework Features 4","7","125000","5","-75","9.25","363","1476.58","363","standard","1.0"
"15","2025-05-09 19:52:35","text","TXT:LoRa Sender Control Panel (Enhanced) Smart Framework Features 5","7","125000","5","-75","9.0","363","1476.58","363","standard","1.0"
"16","2025-05-09 19:52:39","text","TXT:LoRa Sender Control Panel (Enhanced) Smart Framework Features 6","7","125000","5","-74","10.25","363","1476.58","363","standard","1.0"
"17","2025-05-09 19:52:44","text","TXT:LoRa Sender Control Panel (Enhanced) Smart Framework Features 7","7","125000","5","-75","9.5","363","1476.58","363","standard","1.0"
"18","2025-05-09 19:52:47","text","TXT:LoRa Sender Control Panel (Enhanced) Smart Framework Features 8","7","125000","5","-74","9.5","363","1476.58","363","standard","1.0"
"19","2025-05-09 19:52:52","text","TXT:LoRa Sender Control Panel (Enhanced) Smart Framework Features 9","7","125000","5","-75","9.0","363","1476.58","363","standard","1.0"
"20","2025-05-09 19:52:56","text","TXT:LoRa Sender Control Panel (Enhanced) Smart Framework Features 10","7","125000","5","-74","9.75","363","1498.62","363","standard","1.0"
