{
  "main": {
    "id": "7fbe18a5937405f1",
    "type": "split",
    "children": [
      {
        "id": "907cefe7fe891ac7",
        "type": "tabs",
        "children": [
          {
            "id": "4b40a3e7cd2e06fd",
            "type": "leaf",
            "state": {
              "type": "markdown",
              "state": {
                "file": "Remote mobile control.md",
                "mode": "source",
                "source": false
              },
              "icon": "lucide-file",
              "title": "Remote mobile control"
            }
          }
        ]
      }
    ],
    "direction": "vertical"
  },
  "left": {
    "id": "689a531dfeb4c0de",
    "type": "split",
    "children": [
      {
        "id": "d31b593d3cc31b1d",
        "type": "tabs",
        "children": [
          {
            "id": "bcd52d979689854d",
            "type": "leaf",
            "state": {
              "type": "file-explorer",
              "state": {
                "sortOrder": "alphabetical",
                "autoReveal": false
              },
              "icon": "lucide-folder-closed",
              "title": "Files"
            }
          },
          {
            "id": "e012a6b98acfae7c",
            "type": "leaf",
            "state": {
              "type": "search",
              "state": {
                "query": "",
                "matchingCase": false,
                "explainSearch": false,
                "collapseAll": false,
                "extraContext": false,
                "sortOrder": "alphabetical"
              },
              "icon": "lucide-search",
              "title": "Search"
            }
          },
          {
            "id": "6e3b4bcb02b19e57",
            "type": "leaf",
            "state": {
              "type": "bookmarks",
              "state": {},
              "icon": "lucide-bookmark",
              "title": "Bookmarks"
            }
          }
        ]
      }
    ],
    "direction": "horizontal",
    "width": 300
  },
  "right": {
    "id": "19ea6ba224449740",
    "type": "split",
    "children": [
      {
        "id": "fa603059e7e84b6a",
        "type": "tabs",
        "children": [
          {
            "id": "b99397a6e9dbf64b",
            "type": "leaf",
            "state": {
              "type": "backlink",
              "state": {
                "file": "Remote mobile control.md",
                "collapseAll": false,
                "extraContext": false,
                "sortOrder": "alphabetical",
                "showSearch": false,
                "searchQuery": "",
                "backlinkCollapsed": false,
                "unlinkedCollapsed": true
              },
              "icon": "links-coming-in",
              "title": "Backlinks for Remote mobile control"
            }
          },
          {
            "id": "76626c26a54c371f",
            "type": "leaf",
            "state": {
              "type": "outgoing-link",
              "state": {
                "file": "Remote mobile control.md",
                "linksCollapsed": false,
                "unlinkedCollapsed": true
              },
              "icon": "links-going-out",
              "title": "Outgoing links from Remote mobile control"
            }
          },
          {
            "id": "e2ce6570d950a1cb",
            "type": "leaf",
            "state": {
              "type": "tag",
              "state": {
                "sortOrder": "frequency",
                "useHierarchy": true,
                "showSearch": false,
                "searchQuery": ""
              },
              "icon": "lucide-tags",
              "title": "Tags"
            }
          },
          {
            "id": "f5f22a4af5ee6a8a",
            "type": "leaf",
            "state": {
              "type": "outline",
              "state": {
                "file": "Remote mobile control.md",
                "followCursor": false,
                "showSearch": false,
                "searchQuery": ""
              },
              "icon": "lucide-list",
              "title": "Outline of Remote mobile control"
            }
          }
        ]
      }
    ],
    "direction": "horizontal",
    "width": 300,
    "collapsed": true
  },
  "left-ribbon": {
    "hiddenItems": {
      "switcher:Open quick switcher": false,
      "graph:Open graph view": false,
      "canvas:Create new canvas": false,
      "daily-notes:Open today's daily note": false,
      "templates:Insert template": false,
      "command-palette:Open command palette": false,
      "bases:Create new base": false
    }
  },
  "active": "4b40a3e7cd2e06fd",
  "lastOpenFiles": [
    "Pasted image 20250917194044.png",
    "Pasted image 20250917193744.png",
    "Pasted image 20250917193524.png",
    "unnamed 4.jpg",
    "Pasted image 20250917193336.png",
    "Pasted image 20250917193250.png",
    "Pasted image 20250917193055.png",
    "Pasted image 20250917193026.png",
    "unnamed-1 1.jpg",
    "unnamed 3.jpg",
    "Pasted image 20250917192809.png",
    "Remote mobile control.md",
    "Welcome.md"
  ]
}